{
    "loss": 12.257452011108398,
    "accuracy": 0.5467625856399536
}