{
    "loss": 12.426265716552734,
    "accuracy": 0.5179855823516846
}