{
    "loss": 1.2660636901855469,
    "accuracy": 0.8705036044120789
}